month,department,total_beds,occupied_beds,admissions,avg_length_of_stay,staff_on_duty,equipment_utilization_pct,occupancy_rate,staff_utilization,beds_per_staff,utilization_cluster,predicted_occupied_beds,prediction_error
2022-01,Emergency,80,68,1322,1.63,49,74.4,85.0,82.07,1.388,Moderate Utilization,67.9,0.1
2022-02,Emergency,80,65,945,2.16,47,75.8,81.25,81.05,1.383,Moderate Utilization,68.1,-3.1
2022-03,Emergency,80,70,877,2.45,50,81.8,87.5,80.2,1.4,Moderate Utilization,67.5,2.5
2022-04,Emergency,80,63,776,2.27,48,76.5,78.75,68.49,1.312,Moderate Utilization,70.8,-7.8
2022-05,Emergency,80,62,1115,1.79,46,77.8,77.5,80.97,1.348,Moderate Utilization,63.4,-1.4
2022-06,Emergency,80,59,701,2.34,46,72.7,73.75,66.55,1.283,Moderate Utilization,64.1,-5.1
2022-07,Emergency,80,64,974,1.92,46,75.9,80.0,75.87,1.391,Moderate Utilization,61.0,3.0
2022-08,Emergency,80,61,890,2.05,45,75.5,76.25,75.67,1.356,Moderate Utilization,64.4,-3.4
2022-09,Emergency,80,62,836,2.34,47,71.6,77.5,77.68,1.319,Moderate Utilization,63.2,-1.2
2022-10,Emergency,80,63,715,2.49,48,66.9,78.75,69.22,1.312,Moderate Utilization,64.9,-1.9
2022-11,Emergency,80,66,858,2.38,47,78.0,82.5,81.09,1.404,Moderate Utilization,64.6,1.4
2022-12,Emergency,80,67,954,1.98,46,78.7,83.75,76.64,1.457,Moderate Utilization,66.2,0.8
2023-01,Emergency,80,66,1038,1.95,48,79.1,82.5,78.7,1.375,Moderate Utilization,67.7,-1.7
2023-02,Emergency,80,73,1116,1.94,50,85.3,91.25,80.81,1.46,Moderate Utilization,67.7,5.3
2023-03,Emergency,80,66,1157,1.59,48,75.5,82.5,71.53,1.375,Moderate Utilization,71.9,-5.9
2023-04,Emergency,80,70,1151,1.91,49,81.2,87.5,83.73,1.429,Moderate Utilization,67.0,3.0
2023-05,Emergency,80,66,1015,1.8,47,82.4,82.5,72.55,1.404,Moderate Utilization,69.6,-3.6
2023-06,Emergency,80,64,1017,1.89,48,78.8,80.0,74.73,1.333,Moderate Utilization,67.1,-3.1
2023-07,Emergency,80,63,890,2.06,46,72.2,78.75,74.38,1.37,Moderate Utilization,65.0,-2.0
2023-08,Emergency,80,57,1220,1.5,46,70.0,71.25,74.25,1.239,Moderate Utilization,63.3,-6.3
2023-09,Emergency,80,61,712,2.68,47,71.7,76.25,75.77,1.298,Moderate Utilization,60.5,0.5
2023-10,Emergency,80,64,1222,1.67,48,71.5,80.0,79.35,1.333,Moderate Utilization,62.7,1.3
2023-11,Emergency,80,69,889,2.21,46,86.8,86.25,79.71,1.5,Moderate Utilization,64.8,4.2
2023-12,Emergency,80,70,972,2.2,50,85.4,87.5,79.82,1.4,Moderate Utilization,70.3,-0.3
2024-01,Emergency,80,70,892,2.18,50,80.7,87.5,72.58,1.4,Moderate Utilization,71.4,-1.4
2024-02,Emergency,80,75,827,2.76,48,96.9,93.75,88.75,1.562,Moderate Utilization,70.0,5.0
2024-03,Emergency,80,72,1480,1.48,48,93.4,90.0,85.16,1.5,Moderate Utilization,71.9,0.1
2024-04,Emergency,80,68,850,2.24,51,80.2,85.0,69.67,1.333,Moderate Utilization,73.6,-5.6
2024-05,Emergency,80,69,1246,1.65,48,78.7,86.25,79.93,1.438,Moderate Utilization,67.7,1.3
2024-06,Emergency,80,64,972,1.82,48,82.0,80.0,68.78,1.333,Moderate Utilization,69.6,-5.6
2024-07,Emergency,80,63,1084,1.63,46,71.1,78.75,71.69,1.37,Moderate Utilization,64.5,-1.5
2024-08,Emergency,80,64,692,2.9,48,82.4,80.0,78.03,1.333,Moderate Utilization,65.3,-1.3
2024-09,Emergency,80,61,1108,1.67,50,77.7,76.25,69.07,1.22,Moderate Utilization,66.5,-5.5
2024-10,Emergency,80,70,1330,1.69,49,83.0,87.5,85.61,1.429,Moderate Utilization,62.7,7.3
2024-11,Emergency,80,71,1117,1.81,47,82.8,88.75,80.28,1.511,Moderate Utilization,69.1,1.9
2024-12,Emergency,80,70,1003,2.18,48,90.5,87.5,85.01,1.458,Moderate Utilization,70.5,-0.5
2022-01,General Medicine,120,94,546,5.39,58,72.1,78.33,94.7,1.621,Low Utilization,91.5,2.5
2022-02,General Medicine,120,95,499,5.49,57,71.0,79.17,89.7,1.667,Low Utilization,91.0,4.0
2022-03,General Medicine,120,99,503,5.58,58,79.8,82.5,90.31,1.707,Low Utilization,92.2,6.8
2022-04,General Medicine,120,84,599,4.4,56,66.7,70.0,87.83,1.5,Low Utilization,94.9,-10.9
2022-05,General Medicine,120,85,493,4.95,57,69.4,70.83,79.9,1.491,Low Utilization,84.3,0.7
2022-06,General Medicine,120,73,473,4.78,53,54.3,60.83,79.61,1.377,Low Utilization,83.2,-10.2
2022-07,General Medicine,120,78,466,5.21,56,57.1,65.0,80.91,1.393,Low Utilization,75.5,2.5
2022-08,General Medicine,120,82,520,4.58,58,66.8,68.33,76.63,1.414,Low Utilization,80.7,1.3
2022-09,General Medicine,120,87,589,4.73,57,69.7,72.5,91.22,1.526,Low Utilization,82.6,4.4
2022-10,General Medicine,120,86,564,4.31,57,74.6,71.67,79.59,1.509,Low Utilization,86.9,-0.9
2022-11,General Medicine,120,97,691,4.42,57,81.6,80.83,100.0,1.702,Low Utilization,85.4,11.6
2022-12,General Medicine,120,95,562,5.34,57,70.8,79.17,98.26,1.667,Low Utilization,93.1,1.9
2023-01,General Medicine,120,96,706,4.32,62,74.2,80.0,91.81,1.548,Low Utilization,94.8,1.2
2023-02,General Medicine,120,93,621,4.76,56,70.0,77.5,98.51,1.661,Low Utilization,92.2,0.8
2023-03,General Medicine,120,90,659,4.31,62,64.9,75.0,85.5,1.452,Low Utilization,93.6,-3.6
2023-04,General Medicine,120,91,580,4.95,56,66.7,75.83,95.68,1.625,Low Utilization,87.8,3.2
2023-05,General Medicine,120,92,533,5.0,58,66.9,76.67,85.75,1.586,Low Utilization,89.8,2.2
2023-06,General Medicine,120,84,510,4.68,56,67.9,70.0,79.54,1.5,Low Utilization,89.9,-5.9
2023-07,General Medicine,120,87,520,4.87,57,74.5,72.5,82.91,1.526,Low Utilization,84.3,2.7
2023-08,General Medicine,120,80,461,4.94,60,59.8,66.67,70.84,1.333,Low Utilization,88.3,-8.3
2023-09,General Medicine,120,91,509,4.97,56,77.4,75.83,84.31,1.625,Low Utilization,80.7,10.3
2023-10,General Medicine,120,90,504,5.02,59,76.9,75.0,80.03,1.525,Low Utilization,90.4,-0.4
2023-11,General Medicine,120,88,601,4.59,57,74.1,73.33,90.32,1.544,Low Utilization,88.6,-0.6
2023-12,General Medicine,120,97,622,4.69,61,76.0,80.83,89.25,1.59,Low Utilization,89.1,7.9
2024-01,General Medicine,120,99,586,4.88,58,78.1,82.5,92.02,1.707,Low Utilization,94.1,4.9
2024-02,General Medicine,120,102,537,5.58,61,78.0,85.0,91.68,1.672,Low Utilization,96.6,5.4
2024-03,General Medicine,120,99,664,4.33,61,85.4,82.5,87.96,1.623,Low Utilization,99.6,-0.6
2024-04,General Medicine,120,104,589,5.33,62,84.6,86.67,94.5,1.677,Low Utilization,97.2,6.8
2024-05,General Medicine,120,96,630,4.67,57,79.5,80.0,96.33,1.684,Low Utilization,98.7,-2.7
2024-06,General Medicine,120,84,517,5.15,57,67.8,70.0,87.18,1.474,Low Utilization,92.8,-8.8
2024-07,General Medicine,120,89,444,5.62,55,65.4,74.17,84.67,1.618,Low Utilization,82.7,6.3
2024-08,General Medicine,120,81,540,4.57,57,68.2,67.5,80.8,1.421,Low Utilization,88.2,-7.2
2024-09,General Medicine,120,84,531,4.81,56,68.0,70.0,85.12,1.5,Low Utilization,81.5,2.5
2024-10,General Medicine,120,89,508,5.32,54,71.0,74.17,93.4,1.648,Low Utilization,82.2,6.8
2024-11,General Medicine,120,97,583,4.99,56,83.7,80.83,96.95,1.732,Low Utilization,87.0,10.0
2024-12,General Medicine,120,104,713,4.09,60,80.5,86.67,90.71,1.733,Moderate Utilization,95.4,8.6
2022-01,ICU,40,39,136,8.1,36,99.0,97.5,57.11,1.083,High Utilization,37.9,1.1
2022-02,ICU,40,39,169,6.7,36,94.5,97.5,58.7,1.083,High Utilization,39.4,-0.4
2022-03,ICU,40,35,143,7.05,35,84.5,87.5,53.76,1.0,High Utilization,38.5,-3.5
2022-04,ICU,40,36,154,7.29,37,84.2,90.0,56.63,0.973,High Utilization,36.4,-0.4
2022-05,ICU,40,36,148,7.7,37,90.8,90.0,57.48,0.973,High Utilization,36.7,-0.7
2022-06,ICU,40,37,161,7.36,35,93.5,92.5,63.18,1.057,High Utilization,35.9,1.1
2022-07,ICU,40,31,131,7.0,35,76.1,77.5,48.9,0.886,High Utilization,37.2,-6.2
2022-08,ICU,40,32,117,7.81,35,82.3,80.0,48.72,0.914,High Utilization,31.9,0.1
2022-09,ICU,40,34,138,7.48,36,77.9,85.0,53.51,0.944,High Utilization,33.5,0.5
2022-10,ICU,40,34,147,7.49,38,80.0,85.0,54.07,0.895,High Utilization,36.0,-2.0
2022-11,ICU,40,37,152,7.56,35,92.0,92.5,61.27,1.057,High Utilization,34.2,2.8
2022-12,ICU,40,37,149,7.72,35,89.1,92.5,61.34,1.057,High Utilization,36.3,0.7
2023-01,ICU,40,40,159,8.13,38,98.7,100.0,63.49,1.053,High Utilization,37.4,2.6
2023-02,ICU,40,38,174,6.82,36,98.9,95.0,61.52,1.056,High Utilization,39.9,-1.9
2023-03,ICU,40,40,179,6.6,36,85.8,100.0,61.24,1.111,High Utilization,38.7,1.3
2023-04,ICU,40,37,167,7.11,38,80.1,92.5,58.31,0.974,High Utilization,40.7,-3.7
2023-05,ICU,40,34,125,7.64,36,85.1,85.0,49.51,0.944,High Utilization,37.0,-3.0
2023-06,ICU,40,36,159,7.04,37,77.0,90.0,56.46,0.973,High Utilization,35.9,0.1
2023-07,ICU,40,33,130,8.05,36,79.6,82.5,54.25,0.917,High Utilization,35.8,-2.8
2023-08,ICU,40,33,128,7.61,35,82.0,82.5,51.94,0.943,High Utilization,33.6,-0.6
2023-09,ICU,40,34,158,6.31,39,76.3,85.0,47.71,0.872,High Utilization,37.1,-3.1
2023-10,ICU,40,34,135,7.26,35,75.1,85.0,52.26,0.971,High Utilization,34.7,-0.7
2023-11,ICU,40,39,159,7.64,38,99.0,97.5,59.66,1.026,High Utilization,35.7,3.3
2023-12,ICU,40,40,156,7.25,38,99.0,100.0,55.55,1.053,High Utilization,39.9,0.1
2024-01,ICU,40,40,178,6.62,37,93.9,100.0,59.44,1.081,High Utilization,40.7,-0.7
2024-02,ICU,40,40,137,8.15,38,84.5,100.0,54.84,1.053,High Utilization,39.7,0.3
2024-03,ICU,40,40,156,7.48,37,99.0,100.0,58.86,1.081,High Utilization,39.8,0.2
2024-04,ICU,40,40,166,6.99,37,88.8,100.0,58.53,1.081,High Utilization,40.3,-0.3
2024-05,ICU,40,36,142,7.62,32,86.8,90.0,63.11,1.125,High Utilization,37.0,-1.0
2024-06,ICU,40,37,150,7.08,38,81.4,92.5,52.16,0.974,High Utilization,37.9,-0.9
2024-07,ICU,40,39,161,7.59,37,91.4,97.5,61.64,1.054,High Utilization,37.4,1.6
2024-08,ICU,40,36,139,7.96,36,80.8,90.0,57.36,1.0,High Utilization,38.1,-2.1
2024-09,ICU,40,38,145,8.07,36,89.3,95.0,60.66,1.056,High Utilization,35.7,2.3
2024-10,ICU,40,38,156,7.83,36,80.8,95.0,63.32,1.056,High Utilization,37.4,0.6
2024-11,ICU,40,37,158,6.97,36,83.7,92.5,57.09,1.028,High Utilization,38.4,-1.4
2024-12,ICU,40,40,170,6.94,39,98.0,100.0,56.46,1.026,High Utilization,39.2,0.8
2022-01,Pediatrics,60,36,291,3.65,28,50.7,60.0,70.79,1.286,Low Utilization,35.7,0.3
2022-02,Pediatrics,60,40,376,2.93,28,62.4,66.67,73.43,1.429,Low Utilization,36.1,3.9
2022-03,Pediatrics,60,34,287,3.71,26,51.4,56.67,76.43,1.308,Low Utilization,37.5,-3.5
2022-04,Pediatrics,60,39,491,2.37,26,57.7,65.0,83.53,1.5,Low Utilization,33.6,5.4
2022-05,Pediatrics,60,35,260,3.75,26,58.5,58.33,69.99,1.346,Low Utilization,36.8,-1.8
2022-06,Pediatrics,60,34,263,3.65,27,47.6,56.67,66.35,1.259,Low Utilization,34.5,-0.5
2022-07,Pediatrics,60,34,254,3.76,24,51.2,56.67,74.27,1.417,Low Utilization,32.1,1.9
2022-08,Pediatrics,60,35,377,2.94,27,59.5,58.33,76.61,1.296,Low Utilization,34.0,1.0
2022-09,Pediatrics,60,37,319,3.63,26,55.6,61.67,83.12,1.423,Low Utilization,33.7,3.3
2022-10,Pediatrics,60,34,352,2.94,30,52.4,56.67,64.38,1.133,Low Utilization,38.0,-4.0
2022-11,Pediatrics,60,35,291,3.78,28,51.5,58.33,73.32,1.25,Low Utilization,34.0,1.0
2022-12,Pediatrics,60,40,300,3.73,28,60.5,66.67,74.58,1.429,Low Utilization,34.8,5.2
2023-01,Pediatrics,60,39,385,3.15,30,65.6,65.0,75.44,1.3,Low Utilization,39.8,-0.8
2023-02,Pediatrics,60,42,364,3.51,28,62.2,70.0,85.16,1.5,Low Utilization,37.7,4.3
2023-03,Pediatrics,60,37,311,3.58,26,52.1,61.67,79.92,1.423,Low Utilization,39.0,-2.0
2023-04,Pediatrics,60,38,275,4.21,28,64.6,63.33,77.17,1.357,Low Utilization,35.8,2.2
2023-05,Pediatrics,60,36,333,3.31,27,52.1,60.0,76.19,1.333,Low Utilization,36.8,-0.8
2023-06,Pediatrics,60,32,271,3.63,24,45.8,53.33,76.5,1.333,Low Utilization,33.6,-1.6
2023-07,Pediatrics,60,36,295,3.88,27,58.3,60.0,79.12,1.333,Low Utilization,31.9,4.1
2023-08,Pediatrics,60,32,278,3.56,29,50.6,53.33,63.69,1.103,Low Utilization,36.4,-4.4
2023-09,Pediatrics,60,34,355,2.84,27,48.8,56.67,69.69,1.259,Low Utilization,32.8,1.2
2023-10,Pediatrics,60,35,294,3.51,26,59.8,58.33,74.07,1.346,Low Utilization,33.2,1.8
2023-11,Pediatrics,60,37,299,3.51,26,54.8,61.67,75.33,1.423,Low Utilization,34.0,3.0
2023-12,Pediatrics,60,43,446,2.88,26,73.1,71.67,92.2,1.654,Low Utilization,35.4,7.6
2024-01,Pediatrics,60,41,382,3.35,24,68.7,68.33,99.51,1.708,Low Utilization,38.5,2.5
2024-02,Pediatrics,60,44,486,2.89,28,74.9,73.33,93.62,1.571,Low Utilization,39.3,4.7
2024-03,Pediatrics,60,40,308,4.04,27,69.6,66.67,86.01,1.481,Low Utilization,40.5,-0.5
2024-04,Pediatrics,60,39,297,4.19,28,60.0,65.0,82.94,1.393,Low Utilization,38.0,1.0
2024-05,Pediatrics,60,44,344,3.78,30,76.7,73.33,80.89,1.467,Low Utilization,38.6,5.4
2024-06,Pediatrics,60,35,270,3.81,28,51.3,58.33,68.57,1.25,Low Utilization,41.5,-6.5
2024-07,Pediatrics,60,36,293,3.59,28,53.8,60.0,70.11,1.286,Low Utilization,35.0,1.0
2024-08,Pediatrics,60,32,302,3.37,26,47.7,53.33,73.05,1.231,Low Utilization,34.8,-2.8
2024-09,Pediatrics,60,33,306,3.22,27,47.5,55.0,68.11,1.222,Low Utilization,32.6,0.4
2024-10,Pediatrics,60,35,289,3.73,24,51.5,58.33,83.82,1.458,Low Utilization,31.2,3.8
2024-11,Pediatrics,60,39,370,3.3,28,67.7,65.0,81.38,1.393,Low Utilization,34.9,4.1
2024-12,Pediatrics,60,43,477,2.9,27,63.3,71.67,95.62,1.593,Low Utilization,37.3,5.7
2022-01,Surgery,70,49,240,5.97,40,69.7,70.0,66.85,1.225,Low Utilization,49.4,-0.4
2022-02,Surgery,70,51,285,5.21,40,64.3,72.86,69.28,1.275,Low Utilization,50.0,1.0
2022-03,Surgery,70,52,299,5.12,42,71.7,74.29,68.02,1.238,Low Utilization,52.6,-0.6
2022-04,Surgery,70,46,242,5.69,39,69.1,65.71,65.89,1.179,Low Utilization,51.3,-5.3
2022-05,Surgery,70,48,226,5.98,43,67.4,68.57,58.66,1.116,Low Utilization,48.9,-0.9
2022-06,Surgery,70,39,191,6.32,38,53.0,55.71,59.28,1.026,Low Utilization,47.4,-8.4
2022-07,Surgery,70,39,231,5.04,37,51.1,55.71,58.72,1.054,Low Utilization,41.5,-2.5
2022-08,Surgery,70,44,216,5.72,35,65.1,62.86,65.88,1.257,Low Utilization,39.7,4.3
2022-09,Surgery,70,43,208,5.81,39,53.3,61.43,57.83,1.103,Low Utilization,45.5,-2.5
2022-10,Surgery,70,47,231,5.84,39,67.0,67.14,64.56,1.205,Low Utilization,44.6,2.4
2022-11,Surgery,70,50,284,5.42,40,61.4,71.43,71.82,1.25,Low Utilization,48.3,1.7
2022-12,Surgery,70,53,354,4.7,38,76.8,75.71,81.71,1.395,Low Utilization,49.9,3.1
2023-01,Surgery,70,51,275,5.94,40,71.4,72.86,76.21,1.275,Low Utilization,52.2,-1.2
2023-02,Surgery,70,56,284,5.57,41,79.7,80.0,72.01,1.366,Low Utilization,51.6,4.4
2023-03,Surgery,70,52,282,5.22,38,66.1,74.29,72.3,1.368,Low Utilization,54.1,-2.1
2023-04,Surgery,70,49,266,5.96,38,60.7,70.0,77.86,1.289,Low Utilization,50.4,-1.4
2023-05,Surgery,70,46,252,5.81,36,57.6,65.71,75.9,1.278,Low Utilization,47.3,-1.3
2023-06,Surgery,70,45,271,5.36,38,64.3,64.29,71.34,1.184,Low Utilization,46.6,-1.6
2023-07,Surgery,70,45,222,5.75,41,57.9,64.29,58.1,1.098,Low Utilization,47.3,-2.3
2023-08,Surgery,70,41,207,6.08,40,51.9,58.57,58.72,1.025,Low Utilization,46.5,-5.5
2023-09,Surgery,70,46,239,5.76,42,57.2,65.71,61.17,1.095,Low Utilization,44.8,1.2
2023-10,Surgery,70,48,234,6.08,40,67.5,68.57,66.38,1.2,Low Utilization,47.1,0.9
2023-11,Surgery,70,51,280,5.22,37,66.8,72.86,73.72,1.378,Low Utilization,47.7,3.3
2023-12,Surgery,70,52,284,5.47,42,71.1,74.29,69.03,1.238,Low Utilization,52.3,-0.3
2024-01,Surgery,70,55,312,5.42,41,71.9,78.57,76.97,1.341,Low Utilization,52.4,2.6
2024-02,Surgery,70,54,264,6.08,41,71.0,77.14,73.06,1.317,Low Utilization,54.1,-0.1
2024-03,Surgery,70,54,275,6.24,42,74.0,77.14,76.25,1.286,Low Utilization,53.7,0.3
2024-04,Surgery,70,52,288,5.25,39,70.2,74.29,72.35,1.333,Low Utilization,53.1,-1.1
2024-05,Surgery,70,52,279,5.9,41,66.7,74.29,74.93,1.268,Low Utilization,52.0,0.0
2024-06,Surgery,70,49,261,5.46,37,59.9,70.0,71.88,1.324,Low Utilization,50.4,-1.4
2024-07,Surgery,70,42,250,4.93,40,58.1,60.0,57.5,1.05,Low Utilization,50.5,-8.5
2024-08,Surgery,70,43,325,4.27,42,61.7,61.43,61.66,1.024,Low Utilization,46.8,-3.8
2024-09,Surgery,70,46,245,5.81,39,64.8,65.71,68.12,1.179,Low Utilization,44.6,1.4
2024-10,Surgery,70,50,253,5.96,41,62.6,71.43,68.64,1.22,Low Utilization,47.7,2.3
2024-11,Surgery,70,55,263,6.33,39,81.8,78.57,79.67,1.41,Low Utilization,49.0,6.0
2024-12,Surgery,70,54,255,6.23,43,77.7,77.14,68.95,1.256,Low Utilization,55.1,-1.1
