month,department,total_beds,occupied_beds,admissions,avg_length_of_stay,staff_on_duty,equipment_utilization_pct
2022-01,Emergency,80,68,1322,1.63,49,74.4
2022-02,Emergency,80,65,945,2.16,47,75.8
2022-03,Emergency,80,70,877,2.45,50,81.8
2022-04,Emergency,80,63,776,2.27,48,76.5
2022-05,Emergency,80,62,1115,1.79,46,77.8
2022-06,Emergency,80,59,701,2.34,46,72.7
2022-07,Emergency,80,64,974,1.92,46,75.9
2022-08,Emergency,80,61,890,2.05,45,75.5
2022-09,Emergency,80,62,836,2.34,47,71.6
2022-10,Emergency,80,63,715,2.49,48,66.9
2022-11,Emergency,80,66,858,2.38,47,78.0
2022-12,Emergency,80,67,954,1.98,46,78.7
2023-01,Emergency,80,66,1038,1.95,48,79.1
2023-02,Emergency,80,73,1116,1.94,50,85.3
2023-03,Emergency,80,66,1157,1.59,48,75.5
2023-04,Emergency,80,70,1151,1.91,49,81.2
2023-05,Emergency,80,66,1015,1.8,47,82.4
2023-06,Emergency,80,64,1017,1.89,48,78.8
2023-07,Emergency,80,63,890,2.06,46,72.2
2023-08,Emergency,80,57,1220,1.5,46,70.0
2023-09,Emergency,80,61,712,2.68,47,71.7
2023-10,Emergency,80,64,1222,1.67,48,71.5
2023-11,Emergency,80,69,889,2.21,46,86.8
2023-12,Emergency,80,70,972,2.2,50,85.4
2024-01,Emergency,80,70,892,2.18,50,80.7
2024-02,Emergency,80,75,827,2.76,48,96.9
2024-03,Emergency,80,72,1480,1.48,48,93.4
2024-04,Emergency,80,68,850,2.24,51,80.2
2024-05,Emergency,80,69,1246,1.65,48,78.7
2024-06,Emergency,80,64,972,1.82,48,82.0
2024-07,Emergency,80,63,1084,1.63,46,71.1
2024-08,Emergency,80,64,692,2.9,48,82.4
2024-09,Emergency,80,61,1108,1.67,50,77.7
2024-10,Emergency,80,70,1330,1.69,49,83.0
2024-11,Emergency,80,71,1117,1.81,47,82.8
2024-12,Emergency,80,70,1003,2.18,48,90.5
2022-01,General Medicine,120,94,546,5.39,58,72.1
2022-02,General Medicine,120,95,499,5.49,57,71.0
2022-03,General Medicine,120,99,503,5.58,58,79.8
2022-04,General Medicine,120,84,599,4.4,56,66.7
2022-05,General Medicine,120,85,493,4.95,57,69.4
2022-06,General Medicine,120,73,473,4.78,53,54.3
2022-07,General Medicine,120,78,466,5.21,56,57.1
2022-08,General Medicine,120,82,520,4.58,58,66.8
2022-09,General Medicine,120,87,589,4.73,57,69.7
2022-10,General Medicine,120,86,564,4.31,57,74.6
2022-11,General Medicine,120,97,691,4.42,57,81.6
2022-12,General Medicine,120,95,562,5.34,57,70.8
2023-01,General Medicine,120,96,706,4.32,62,74.2
2023-02,General Medicine,120,93,621,4.76,56,70.0
2023-03,General Medicine,120,90,659,4.31,62,64.9
2023-04,General Medicine,120,91,580,4.95,56,66.7
2023-05,General Medicine,120,92,533,5.0,58,66.9
2023-06,General Medicine,120,84,510,4.68,56,67.9
2023-07,General Medicine,120,87,520,4.87,57,74.5
2023-08,General Medicine,120,80,461,4.94,60,59.8
2023-09,General Medicine,120,91,509,4.97,56,77.4
2023-10,General Medicine,120,90,504,5.02,59,76.9
2023-11,General Medicine,120,88,601,4.59,57,74.1
2023-12,General Medicine,120,97,622,4.69,61,76.0
2024-01,General Medicine,120,99,586,4.88,58,78.1
2024-02,General Medicine,120,102,537,5.58,61,78.0
2024-03,General Medicine,120,99,664,4.33,61,85.4
2024-04,General Medicine,120,104,589,5.33,62,84.6
2024-05,General Medicine,120,96,630,4.67,57,79.5
2024-06,General Medicine,120,84,517,5.15,57,67.8
2024-07,General Medicine,120,89,444,5.62,55,65.4
2024-08,General Medicine,120,81,540,4.57,57,68.2
2024-09,General Medicine,120,84,531,4.81,56,68.0
2024-10,General Medicine,120,89,508,5.32,54,71.0
2024-11,General Medicine,120,97,583,4.99,56,83.7
2024-12,General Medicine,120,104,713,4.09,60,80.5
2022-01,Surgery,70,49,240,5.97,40,69.7
2022-02,Surgery,70,51,285,5.21,40,64.3
2022-03,Surgery,70,52,299,5.12,42,71.7
2022-04,Surgery,70,46,242,5.69,39,69.1
2022-05,Surgery,70,48,226,5.98,43,67.4
2022-06,Surgery,70,39,191,6.32,38,53.0
2022-07,Surgery,70,39,231,5.04,37,51.1
2022-08,Surgery,70,44,216,5.72,35,65.1
2022-09,Surgery,70,43,208,5.81,39,53.3
2022-10,Surgery,70,47,231,5.84,39,67.0
2022-11,Surgery,70,50,284,5.42,40,61.4
2022-12,Surgery,70,53,354,4.7,38,76.8
2023-01,Surgery,70,51,275,5.94,40,71.4
2023-02,Surgery,70,56,284,5.57,41,79.7
2023-03,Surgery,70,52,282,5.22,38,66.1
2023-04,Surgery,70,49,266,5.96,38,60.7
2023-05,Surgery,70,46,252,5.81,36,57.6
2023-06,Surgery,70,45,271,5.36,38,64.3
2023-07,Surgery,70,45,222,5.75,41,57.9
2023-08,Surgery,70,41,207,6.08,40,51.9
2023-09,Surgery,70,46,239,5.76,42,57.2
2023-10,Surgery,70,48,234,6.08,40,67.5
2023-11,Surgery,70,51,280,5.22,37,66.8
2023-12,Surgery,70,52,284,5.47,42,71.1
2024-01,Surgery,70,55,312,5.42,41,71.9
2024-02,Surgery,70,54,264,6.08,41,71.0
2024-03,Surgery,70,54,275,6.24,42,74.0
2024-04,Surgery,70,52,288,5.25,39,70.2
2024-05,Surgery,70,52,279,5.9,41,66.7
2024-06,Surgery,70,49,261,5.46,37,59.9
2024-07,Surgery,70,42,250,4.93,40,58.1
2024-08,Surgery,70,43,325,4.27,42,61.7
2024-09,Surgery,70,46,245,5.81,39,64.8
2024-10,Surgery,70,50,253,5.96,41,62.6
2024-11,Surgery,70,55,263,6.33,39,81.8
2024-12,Surgery,70,54,255,6.23,43,77.7
2022-01,ICU,40,39,136,8.1,36,99.0
2022-02,ICU,40,39,169,6.7,36,94.5
2022-03,ICU,40,35,143,7.05,35,84.5
2022-04,ICU,40,36,154,7.29,37,84.2
2022-05,ICU,40,36,148,7.7,37,90.8
2022-06,ICU,40,37,161,7.36,35,93.5
2022-07,ICU,40,31,131,7.0,35,76.1
2022-08,ICU,40,32,117,7.81,35,82.3
2022-09,ICU,40,34,138,7.48,36,77.9
2022-10,ICU,40,34,147,7.49,38,80.0
2022-11,ICU,40,37,152,7.56,35,92.0
2022-12,ICU,40,37,149,7.72,35,89.1
2023-01,ICU,40,40,159,8.13,38,98.7
2023-02,ICU,40,38,174,6.82,36,98.9
2023-03,ICU,40,40,179,6.6,36,85.8
2023-04,ICU,40,37,167,7.11,38,80.1
2023-05,ICU,40,34,125,7.64,36,85.1
2023-06,ICU,40,36,159,7.04,37,77.0
2023-07,ICU,40,33,130,8.05,36,79.6
2023-08,ICU,40,33,128,7.61,35,82.0
2023-09,ICU,40,34,158,6.31,39,76.3
2023-10,ICU,40,34,135,7.26,35,75.1
2023-11,ICU,40,39,159,7.64,38,99.0
2023-12,ICU,40,40,156,7.25,38,99.0
2024-01,ICU,40,40,178,6.62,37,93.9
2024-02,ICU,40,40,137,8.15,38,84.5
2024-03,ICU,40,40,156,7.48,37,99.0
2024-04,ICU,40,40,166,6.99,37,88.8
2024-05,ICU,40,36,142,7.62,32,86.8
2024-06,ICU,40,37,150,7.08,38,81.4
2024-07,ICU,40,39,161,7.59,37,91.4
2024-08,ICU,40,36,139,7.96,36,80.8
2024-09,ICU,40,38,145,8.07,36,89.3
2024-10,ICU,40,38,156,7.83,36,80.8
2024-11,ICU,40,37,158,6.97,36,83.7
2024-12,ICU,40,40,170,6.94,39,98.0
2022-01,Pediatrics,60,36,291,3.65,28,50.7
2022-02,Pediatrics,60,40,376,2.93,28,62.4
2022-03,Pediatrics,60,34,287,3.71,26,51.4
2022-04,Pediatrics,60,39,491,2.37,26,57.7
2022-05,Pediatrics,60,35,260,3.75,26,58.5
2022-06,Pediatrics,60,34,263,3.65,27,47.6
2022-07,Pediatrics,60,34,254,3.76,24,51.2
2022-08,Pediatrics,60,35,377,2.94,27,59.5
2022-09,Pediatrics,60,37,319,3.63,26,55.6
2022-10,Pediatrics,60,34,352,2.94,30,52.4
2022-11,Pediatrics,60,35,291,3.78,28,51.5
2022-12,Pediatrics,60,40,300,3.73,28,60.5
2023-01,Pediatrics,60,39,385,3.15,30,65.6
2023-02,Pediatrics,60,42,364,3.51,28,62.2
2023-03,Pediatrics,60,37,311,3.58,26,52.1
2023-04,Pediatrics,60,38,275,4.21,28,64.6
2023-05,Pediatrics,60,36,333,3.31,27,52.1
2023-06,Pediatrics,60,32,271,3.63,24,45.8
2023-07,Pediatrics,60,36,295,3.88,27,58.3
2023-08,Pediatrics,60,32,278,3.56,29,50.6
2023-09,Pediatrics,60,34,355,2.84,27,48.8
2023-10,Pediatrics,60,35,294,3.51,26,59.8
2023-11,Pediatrics,60,37,299,3.51,26,54.8
2023-12,Pediatrics,60,43,446,2.88,26,73.1
2024-01,Pediatrics,60,41,382,3.35,24,68.7
2024-02,Pediatrics,60,44,486,2.89,28,74.9
2024-03,Pediatrics,60,40,308,4.04,27,69.6
2024-04,Pediatrics,60,39,297,4.19,28,60.0
2024-05,Pediatrics,60,44,344,3.78,30,76.7
2024-06,Pediatrics,60,35,270,3.81,28,51.3
2024-07,Pediatrics,60,36,293,3.59,28,53.8
2024-08,Pediatrics,60,32,302,3.37,26,47.7
2024-09,Pediatrics,60,33,306,3.22,27,47.5
2024-10,Pediatrics,60,35,289,3.73,24,51.5
2024-11,Pediatrics,60,39,370,3.3,28,67.7
2024-12,Pediatrics,60,43,477,2.9,27,63.3
